{
  "ssp": {
    "interp_type": "tabulated",
    "x_ssp_m": [
      0.0,
      5000.0
    ],
    "y_ssp_m": [
      0.0,
      5000.0
    ],
    "z_ssp_m": [
      0.0,
      100.0
    ],
    "c_m_s": [
      1500.0,
      1500.0,
      1500.0,
      1500.0,
      1500.0,
      1500.0,
      1500.0,
      1500.0
    ]
  },
  "bathymetry": {
    "x_bty_m": [
      0.0,
      5000.0
    ],
    "y_bty_m": [
      0.0,
      5000.0
    ],
    "z_bty_m": [
      100.0,
      100.0,
      100.0,
      100.0
    ],
    "density_g_cm3": [
      1.6
    ],
    "c_bty_m_s": [
      1700.0
    ],
    "attenuation_db_per_wavelength": [
      0.2
    ]
  },
  "source": {
    "position": [
      0.0,
      0.0,
      50.0
    ],
    "freq_hz": 1000.0,
    "launch_elev_deg": [
      -15.0,
      -10.714285714285715,
      -6.428571428571429,
      -2.1428571428571423,
      2.1428571428571423,
      6.428571428571427,
      10.714285714285715,
      15.0
    ],
    "launch_azim_deg": [
      0.0
    ]
  },
  "receivers": {
    "kind": "cylindrical",
    "ranges_m": [
      0.0,
      10.02004008016032,
      20.04008016032064,
      30.060120240480963,
      40.08016032064128,
      50.100200400801604,
      60.120240480961925,
      70.14028056112224,
      80.16032064128257,
      90.1803607214429,
      100.20040080160321,
      110.22044088176352,
      120.24048096192385,
      130.26052104208418,
      140.28056112224448,
      150.3006012024048,
      160.32064128256513,
      170.34068136272546,
      180.3607214428858,
      190.3807615230461,
      200.40080160320642,
      210.42084168336675,
      220.44088176352705,
      230.46092184368737,
      240.4809619238477,
      250.50100200400803,
      260.52104208416836,
      270.54108216432866,
      280.56112224448896,
      290.5811623246493,
      300.6012024048096,
      310.62124248496997,
      320.64128256513027,
      330.66132264529057,
      340.6813627254509,
      350.7014028056112,
      360.7214428857716,
      370.7414829659319,
      380.7615230460922,
      390.78156312625254,
      400.80160320641284,
      410.82164328657313,
      420.8416833667335,
      430.8617234468938,
      440.8817635270541,
      450.90180360721445,
      460.92184368737475,
      470.9418837675351,
      480.9619238476954,
      490.9819639278557,
      501.00200400801606,
      511.02204408817636,
      521.0420841683367,
      531.062124248497,
      541.0821643286573,
      551.1022044088177,
      561.1222444889779,
      571.1422845691383,
      581.1623246492986,
      591.182364729459,
      601.2024048096192,
      611.2224448897796,
      621.2424849699399,
      631.2625250501002,
      641.2825651302605,
      651.3026052104209,
      661.3226452905811,
      671.3426853707415,
      681.3627254509018,
      691.3827655310621,
      701.4028056112224,
      711.4228456913828,
      721.4428857715432,
      731.4629258517034,
      741.4829659318638,
      751.5030060120241,
      761.5230460921844,
      771.5430861723447,
      781.5631262525051,
      791.5831663326653,
      801.6032064128257,
      811.623246492986,
      821.6432865731463,
      831.6633266533066,
      841.683366733467,
      851.7034068136272,
      861.7234468937876,
      871.7434869739479,
      881.7635270541082,
      891.7835671342685,
      901.8036072144289,
      911.8236472945893,
      921.8436873747495,
      931.8637274549098,
      941.8837675350702,
      951.9038076152304,
      961.9238476953908,
      971.9438877755512,
      981.9639278557114,
      991.9839679358718,
      1002.0040080160321,
      1012.0240480961924,
      1022.0440881763527,
      1032.064128256513,
      1042.0841683366734,
      1052.1042084168337,
      1062.124248496994,
      1072.1442885771544,
      1082.1643286573146,
      1092.1843687374749,
      1102.2044088176353,
      1112.2244488977956,
      1122.2444889779558,
      1132.2645290581163,
      1142.2845691382765,
      1152.304609218437,
      1162.3246492985973,
      1172.3446893787575,
      1182.364729458918,
      1192.3847695390782,
      1202.4048096192384,
      1212.424849699399,
      1222.4448897795592,
      1232.4649298597194,
      1242.4849699398799,
      1252.5050100200401,
      1262.5250501002004,
      1272.5450901803608,
      1282.565130260521,
      1292.5851703406813,
      1302.6052104208418,
      1312.625250501002,
      1322.6452905811623,
      1332.6653306613227,
      1342.685370741483,
      1352.7054108216432,
      1362.7254509018037,
      1372.745490981964,
      1382.7655310621242,
      1392.7855711422847,
      1402.805611222445,
      1412.8256513026051,
      1422.8456913827656,
      1432.8657314629259,
      1442.8857715430863,
      1452.9058116232466,
      1462.9258517034068,
      1472.9458917835673,
      1482.9659318637275,
      1492.9859719438878,
      1503.0060120240482,
      1513.0260521042085,
      1523.0460921843687,
      1533.0661322645292,
      1543.0861723446894,
      1553.1062124248497,
      1563.1262525050101,
      1573.1462925851704,
      1583.1663326653306,
      1593.186372745491,
      1603.2064128256513,
      1613.2264529058116,
      1623.246492985972,
      1633.2665330661323,
      1643.2865731462925,
      1653.306613226453,
      1663.3266533066133,
      1673.3466933867735,
      1683.366733466934,
      1693.3867735470942,
      1703.4068136272545,
      1713.426853707415,
      1723.4468937875752,
      1733.4669338677354,
      1743.4869739478959,
      1753.5070140280561,
      1763.5270541082164,
      1773.5470941883768,
      1783.567134268537,
      1793.5871743486975,
      1803.6072144288578,
      1813.627254509018,
      1823.6472945891785,
      1833.6673346693387,
      1843.687374749499,
      1853.7074148296595,
      1863.7274549098197,
      1873.74749498998,
      1883.7675350701404,
      1893.7875751503007,
      1903.807615230461,
      1913.8276553106214,
      1923.8476953907816,
      1933.8677354709419,
      1943.8877755511023,
      1953.9078156312626,
      1963.9278557114228,
      1973.9478957915833,
      1983.9679358717435,
      1993.9879759519038,
      2004.0080160320642,
      2014.0280561122245,
      2024.0480961923847,
      2034.0681362725452,
      2044.0881763527054,
      2054.108216432866,
      2064.128256513026,
      2074.1482965931864,
      2084.168336673347,
      2094.188376753507,
      2104.2084168336673,
      2114.228456913828,
      2124.248496993988,
      2134.2685370741483,
      2144.2885771543088,
      2154.308617234469,
      2164.3286573146293,
      2174.3486973947897,
      2184.3687374749497,
      2194.38877755511,
      2204.4088176352707,
      2214.4288577154307,
      2224.448897795591,
      2234.4689378757516,
      2244.4889779559117,
      2254.509018036072,
      2264.5290581162326,
      2274.549098196393,
      2284.569138276553,
      2294.5891783567135,
      2304.609218436874,
      2314.629258517034,
      2324.6492985971945,
      2334.669338677355,
      2344.689378757515,
      2354.7094188376755,
      2364.729458917836,
      2374.749498997996,
      2384.7695390781564,
      2394.789579158317,
      2404.809619238477,
      2414.8296593186374,
      2424.849699398798,
      2434.869739478958,
      2444.8897795591183,
      2454.909819639279,
      2464.929859719439,
      2474.9498997995993,
      2484.9699398797597,
      2494.9899799599198,
      2505.0100200400802,
      2515.0300601202407,
      2525.0501002004007,
      2535.070140280561,
      2545.0901803607217,
      2555.1102204408817,
      2565.130260521042,
      2575.1503006012026,
      2585.1703406813626,
      2595.190380761523,
      2605.2104208416836,
      2615.2304609218436,
      2625.250501002004,
      2635.2705410821645,
      2645.2905811623245,
      2655.310621242485,
      2665.3306613226455,
      2675.3507014028055,
      2685.370741482966,
      2695.3907815631264,
      2705.4108216432865,
      2715.430861723447,
